2023년 국가직 9급 국어 「나」 > 기출문제 | 공무원 기출문제은행
2022년 국가직 9급 국어 「가」 > 기출문제 | 공무원 기출문제은행
2021년 국가직 9급 국어 「나」 > 기출문제 | 공무원 기출문제은행
2020년 국가직 9급 국어 「가」 > 기출문제 | 공무원 기출문제은행
2018년 국가직 9급 국어 「가」 > 기출문제 | 공무원 기출문제은행
2017년(하) 국가직 9급 국어 「나」 > 기출문제 | 공무원 기출문제은행
2017년 국가직 9급 국어 「나」 > 기출문제 | 공무원 기출문제은행
2016년 국가직 9급 국어 「②」 > 기출문제 | 공무원 기출문제은행
2015년 국가직 9급 국어 「사」 > 기출문제 | 공무원 기출문제은행
2014년 국가직 9급 국어 「S」 > 기출문제 | 공무원 기출문제은행
2013년 국가직 9급 국어 「인」 > 기출문제 | 공무원 기출문제은행
2012년 국가직 9급 국어 「인」 > 기출문제 | 공무원 기출문제은행
2011년 국가직 9급 국어 「재」 > 기출문제 | 공무원 기출문제은행
2010년 국가직 9급 국어 「고」 > 기출문제 | 공무원 기출문제은행
2009년 국가직 9급 국어 「녹」 > 기출문제 | 공무원 기출문제은행
2008년 국가직 9급 국어 「행」 > 기출문제 | 공무원 기출문제은행
2007년 국가직 9급 국어 「국」 > 기출문제 | 공무원 기출문제은행
2020년 국가직 7급 국어 「나」 > 기출문제 | 공무원 기출문제은행
2019년 국가직 7급 국어 「가」 > 기출문제 | 공무원 기출문제은행
2017년(하) 국가직 7급 국어 「마 」 > 기출문제 | 공무원 기출문제은행
2017년 국가직 7급 국어 「가」 > 기출문제 | 공무원 기출문제은행
2016년 국가직 7급 국어 「②」 > 기출문제 | 공무원 기출문제은행
2015년 국가직 7급 국어 「③」 > 기출문제 | 공무원 기출문제은행
2014년 국가직 7급 국어「A 」 > 기출문제 | 공무원 기출문제은행
2013년 국가직 7급 국어 「인」 > 기출문제 | 공무원 기출문제은행
2012년 국가직 7급 국어 「인」 > 기출문제 | 공무원 기출문제은행
2011년 국가직 7급 국어 「우」 > 기출문제 | 공무원 기출문제은행
2010년 국가직 7급 국어 「고」 > 기출문제 | 공무원 기출문제은행
2009년 국가직 7급 국어 「창」 > 기출문제 | 공무원 기출문제은행
2008년 국가직 7급 국어 「봉」 > 기출문제 | 공무원 기출문제은행
2007년 국가직 7급 국어 「공」 > 기출문제 | 공무원 기출문제은행
2022년 지방직 9급 국어 「A」 > 기출문제 | 공무원 기출문제은행
2021년 지방직 9급 국어 「A」 > 기출문제 | 공무원 기출문제은행
2020년 지방직 9급 국어 「D」 > 기출문제 | 공무원 기출문제은행
2019년 지방직 9급 국어 「A」 > 기출문제 | 공무원 기출문제은행
2018년 지방직 9급 국어 「B」 > 기출문제 | 공무원 기출문제은행
2017년(하) 지방직 9급 국어 「A」 > 기출문제 | 공무원 기출문제은행
2017년 지방직 9급 국어 「B」 > 기출문제 | 공무원 기출문제은행
2016년 지방직 9급 국어 「A」 > 기출문제 | 공무원 기출문제은행
2015년 지방직 9급 국어 「A」 > 기출문제 | 공무원 기출문제은행
2014년 지방직 9급 국어 「 A」 > 기출문제 | 공무원 기출문제은행
2013년 지방직 9급 국어 「C」 > 기출문제 | 공무원 기출문제은행
2012년 지방직 9급 국어 「A」 > 기출문제 | 공무원 기출문제은행
2011년 지방직 9급 국어 「A」 > 기출문제 | 공무원 기출문제은행
2010년 지방직 9급 국어 「A」 > 기출문제 | 공무원 기출문제은행
2009년 지방직 9급 국어 「C 」 > 기출문제 | 공무원 기출문제은행
2008년 지방직 9급 국어 「A」 > 기출문제 | 공무원 기출문제은행
2022년 지방직 7급 국어 「A」 > 기출문제 | 공무원 기출문제은행
2021년 지방직 7급 국어 「B」 > 기출문제 | 공무원 기출문제은행
2020년 지방직 7급 국어 「A」 > 기출문제 | 공무원 기출문제은행
2019년 지방직 7급 국어 「B」 > 기출문제 | 공무원 기출문제은행
2018년 지방직 7급 국어 「A」 > 기출문제 | 공무원 기출문제은행
2017년 지방직 7급 국어 「B」 > 기출문제 | 공무원 기출문제은행
2016년 지방직 7급 국어 「A 」 > 기출문제 | 공무원 기출문제은행
2015년 지방직 7급 국어 「B 」 > 기출문제 | 공무원 기출문제은행
2009년 지빙직 7급 국어 「B」 > 기출문제 | 공무원 기출문제은행
2014년 지방직 7급 국어 「B」 > 기출문제 | 공무원 기출문제은행
2013년 지방직 7급 국어 「B」 > 기출문제 | 공무원 기출문제은행
2012년 지방직 7급 국어 「B」 > 기출문제 | 공무원 기출문제은행
2011년 지방직 7급 국어 「B」 > 기출문제 | 공무원 기출문제은행
2010년 지방직 7급 국어 「B」 > 기출문제 | 공무원 기출문제은행
2008년 지방직 7급 국어 「A」 > 기출문제 | 공무원 기출문제은행
2021년 서울시 9급 국어 「A」 > 기출문제 | 공무원 기출문제은행
2020년 서울시 9급 국어 「B」 > 기출문제 | 공무원 기출문제은행
2019년(2회) 서울시 9급 국어 「A」 > 기출문제 | 공무원 기출문제은행
2019년(1회) 서울시 9급 국어 「A」 > 기출문제 | 공무원 기출문제은행
2018년(2회) 서울시 9급 국어 「A」 > 기출문제 | 공무원 기출문제은행
2018년(1회) 서울시 9급 국어 「A」 > 기출문제 | 공무원 기출문제은행
2017년 서울시 9급 국어 「B」 > 기출문제 | 공무원 기출문제은행
2016년 서울시 9급 국어 「A」 > 기출문제 | 공무원 기출문제은행
2015년 서울시 9급 국어 「A」 > 기출문제 | 공무원 기출문제은행
2014년 서울시 9급 국어 「A」 > 기출문제 | 공무원 기출문제은행
2013년 서울시 9급 국어 「A」 > 기출문제 | 공무원 기출문제은행
2019년(2회) 서울시 7급 국어 「B」 > 기출문제 | 공무원 기출문제은행
2019년(1회) 서울시 7급 국어 「A」 > 기출문제 | 공무원 기출문제은행
2018년(2회) 서울시 7급 국어 「B」 > 기출문제 | 공무원 기출문제은행
2018년(1회) 서울시 7급 국어 「A」 > 기출문제 | 공무원 기출문제은행
2017년 서울시 7급 국어 「B」 > 기출문제 | 공무원 기출문제은행
2016년 서울시 7급 국어 「A」 > 기출문제 | 공무원 기출문제은행
2015년 서울시 7급 국어 「A」 > 기출문제 | 공무원 기출문제은행
2014년 서울시 7급 국어 「B 」 > 기출문제 | 공무원 기출문제은행
2013년 서울시 7급 국어 「A」 > 기출문제 | 공무원 기출문제은행
2021년 경찰직(순경2차) 국어 > 기출문제 | 공무원 기출문제은행
2021년 경찰직(순경1차) 국어 > 기출문제 | 공무원 기출문제은행
2020년 경찰직(순경2차) 국어 > 기출문제 | 공무원 기출문제은행
2020년 경찰직(순경1차) 국어 > 기출문제 | 공무원 기출문제은행
2019년 경찰직(순경2차) 국어 > 기출문제 | 공무원 기출문제은행
2019년 경찰직(순경1차) 국어 > 기출문제 | 공무원 기출문제은행
2018년 경찰직(순경3차) 국어 > 기출문제 | 공무원 기출문제은행
2018년 경찰직(순경2차) 국어 > 기출문제 | 공무원 기출문제은행
2018년 경찰직(순경1차) 국어 > 기출문제 | 공무원 기출문제은행
2017년 경찰직(순경1차) 국어 > 기출문제 | 공무원 기출문제은행
2016년 경찰직(순경2차) 국어 > 기출문제 | 공무원 기출문제은행
2016년 경찰직(순경1차) 국어 > 기출문제 | 공무원 기출문제은행
2015년 경찰직(순경3차) 국어 > 기출문제 | 공무원 기출문제은행
2015년 경찰직(순경2차) 국어 > 기출문제 | 공무원 기출문제은행
2015년 경찰직(순경1차) 국어 > 기출문제 | 공무원 기출문제은행
2014년 경찰직(순경 2차) 국어 > 기출문제 | 공무원 기출문제은행
2014년 경찰직(순경) 1차 국어 > 기출문제 | 공무원 기출문제은행
2020년 국회직 8급 국어 「가」 > 기출문제 | 공무원 기출문제은행
2019년 국회직 8급 국어 「가」 > 기출문제 | 공무원 기출문제은행
2018년 국회직 8급 국어 「가」 > 기출문제 | 공무원 기출문제은행
2017년 국회직 8급 국어 「가」 > 기출문제 | 공무원 기출문제은행
2016년 국회직 8급 국어 「가」 > 기출문제 | 공무원 기출문제은행
2015년 국회직 8급 국어 「가」 > 기출문제 | 공무원 기출문제은행
2014년 국회직 8급 국어 「 가 」 > 기출문제 | 공무원 기출문제은행
2013년 국회직 8급 국어 「가」 > 기출문제 | 공무원 기출문제은행
2012년 국회직 8급 국어 「가」 > 기출문제 | 공무원 기출문제은행
2011년 국회직 8급 국어 「가」 > 기출문제 | 공무원 기출문제은행
2010년 국회직 8급 국어 「가」 > 기출문제 | 공무원 기출문제은행
2009년 국회직 8급 국어 「가」 > 기출문제 | 공무원 기출문제은행
2008년 국회직 8급 국어 「가」 > 기출문제 | 공무원 기출문제은행
2023년 국가직 9급 한국사 「나」 > 기출문제 | 공무원 기출문제은행
2022년 국가직 9급 한국사 「가」 > 기출문제 | 공무원 기출문제은행
2021년 국가직 9급 한국사 「나」 > 기출문제 | 공무원 기출문제은행
2020년 국가직 9급 한국사 「가」 > 기출문제 | 공무원 기출문제은행
2019년 국가직 9급 한국사 「나」 > 기출문제 | 공무원 기출문제은행
2018년 국가직 9급 한국사 「가」 > 기출문제 | 공무원 기출문제은행
2017년(하) 국가직 9급 한국사 「마」 > 기출문제 | 공무원 기출문제은행
2017년 국가직 9급 한국사 「나」 > 기출문제 | 공무원 기출문제은행
2016년 국가직 9급 한국사 「②」 > 기출문제 | 공무원 기출문제은행
2015년 국가직 9급 한국사 「사」 > 기출문제 | 공무원 기출문제은행
2014년 국가직 9급 한국사 「S」 > 기출문제 | 공무원 기출문제은행
2013년 국가직 9급 한국사 「재」 > 기출문제 | 공무원 기출문제은행
2012년 국가직 9급 한국사 「인」 > 기출문제 | 공무원 기출문제은행
2011년 국가직 9급 한국사 「재」 > 기출문제 | 공무원 기출문제은행
2010년 국가직 9급 한국사 「고」 > 기출문제 | 공무원 기출문제은행
2009년 국가직 9급 한국사 「녹」 > 기출문제 | 공무원 기출문제은행
2008년 국가직 9급 한국사 「인」 > 기출문제 | 공무원 기출문제은행
2007년 국가직 9급 한국사 「국」 > 기출문제 | 공무원 기출문제은행
2020년 국가직 7급 한국사 「나」 > 기출문제 | 공무원 기출문제은행
2019년 국가직 7급 한국사 「가」 > 기출문제 | 공무원 기출문제은행
2018년 국가직 7급 한국사 「나」 > 기출문제 | 공무원 기출문제은행
2017년(하) 국가직 7급 한국사 「마」 > 기출문제 | 공무원 기출문제은행
2017년 국가직 7급 한국사 「가」 > 기출문제 | 공무원 기출문제은행
2016년 국가직 7급 한국사 「②」 > 기출문제 | 공무원 기출문제은행
2015년 국가직 7급 한국사 「③」 > 기출문제 | 공무원 기출문제은행
2014년 국가직 7급 한국사 「A」 > 기출문제 | 공무원 기출문제은행
2013년 국가직 7급 한국사 「인」 > 기출문제 | 공무원 기출문제은행
2012년 국가직 7급 한국사 「인」 > 기출문제 | 공무원 기출문제은행
2011년 국가직 7급 한국사 「우」 > 기출문제 | 공무원 기출문제은행
2010년 국가직 7급 한국사 「고」 > 기출문제 | 공무원 기출문제은행
2009년 국가직 7급 한국사 「봉」 > 기출문제 | 공무원 기출문제은행
2008년 국가직 7급 한국사 「섬」 > 기출문제 | 공무원 기출문제은행
2007년 국가직 7급 한국사 「문」 > 기출문제 | 공무원 기출문제은행
2022년 지방직 9급 한국사 「A」 > 기출문제 | 공무원 기출문제은행
2021년 지방직 9급 한국사 「A」 > 기출문제 | 공무원 기출문제은행
2020년 지방직 9급 학국사 「B」 > 기출문제 | 공무원 기출문제은행
2019년 지방직 9급 한국사 「A」 > 기출문제 | 공무원 기출문제은행
2018년 지방(사회복지)직 9급 한국사 「B」 > 기출문제 | 공무원 기출문제은행
2017년(하) 지방직 9급 한국사 「A」 > 기출문제 | 공무원 기출문제은행
2017년 지방직 9급 한국사 「B」 > 기출문제 | 공무원 기출문제은행
2016년 지방직 9급 한국사 「A」 > 기출문제 | 공무원 기출문제은행
2015년 지방직 9급 한국사 「A」 > 기출문제 | 공무원 기출문제은행
2014년 지방직 9급 한국사 「A」 > 기출문제 | 공무원 기출문제은행
2013년 지방직 9급 한국사 「A」 > 기출문제 | 공무원 기출문제은행
2012년 지방직 9급 한국사 「C」 > 기출문제 | 공무원 기출문제은행
2011년 지방직 9급 한국사 「A」 > 기출문제 | 공무원 기출문제은행
2010년 지방직 9급 한국사 「A」 > 기출문제 | 공무원 기출문제은행
2009년 지방직 9급 한국사 「A」 > 기출문제 | 공무원 기출문제은행
2008년 지방직 9급 한국사 「A」 > 기출문제 | 공무원 기출문제은행
2020년 지방직 7급 한국사 「A 」 > 기출문제 | 공무원 기출문제은행
2019년 지방직 7급 한국사 「B 」 > 기출문제 | 공무원 기출문제은행
2018년 지방직 7급 한국사 「A 」 > 기출문제 | 공무원 기출문제은행
2017년 지방직 7급 한국사 「B」 > 기출문제 | 공무원 기출문제은행
2016년 지방직 7급 한국사 「A」 > 기출문제 | 공무원 기출문제은행
2015년 지방직 7급 한국사 「B」 > 기출문제 | 공무원 기출문제은행
2014년 지방직 7급 한국사 「 D」 > 기출문제 | 공무원 기출문제은행
2013년 지방직 7급 한국사 「 B」 > 기출문제 | 공무원 기출문제은행
2012년 지방직 7급 한국사 「D」 > 기출문제 | 공무원 기출문제은행
2011년 지방직 7급 한국사 「B」 > 기출문제 | 공무원 기출문제은행
2010년 지방직 7급 한국사 「B」 > 기출문제 | 공무원 기출문제은행
2009년 지방직 7급 한국사 「B」 > 기출문제 | 공무원 기출문제은행
2008년 지방직 7급 한국사 「B」 > 기출문제 | 공무원 기출문제은행
2022년(1회) 서울시 9급 한국사 「A」 > 기출문제 | 공무원 기출문제은행
2021년 서울시 9급 한국사 「A」 > 기출문제 | 공무원 기출문제은행
2020년 서울시 9급 한국사 「B」 > 기출문제 | 공무원 기출문제은행
2019년(2회) 서울시 9급 한국사 「A」 > 기출문제 | 공무원 기출문제은행
2019년(1회) 서울시 9급 한국사 「A」 > 기출문제 | 공무원 기출문제은행
2018년(2회) 서울시 9급 한국사 「A」 > 기출문제 | 공무원 기출문제은행
2018년(1회) 서울시 9급 한국사 「A」 > 기출문제 | 공무원 기출문제은행
2017년 서울시 9급 한국사 「B」 > 기출문제 | 공무원 기출문제은행
2016년 서울시 9급 한국사 「B」 > 기출문제 | 공무원 기출문제은행
2016년 서울시 9급 한국사 「A」 > 기출문제 | 공무원 기출문제은행
2015년 서울시 9급 한국사 「A」 > 기출문제 | 공무원 기출문제은행
2014년 서울시 9급 한국사 「B」 > 기출문제 | 공무원 기출문제은행
2013년 서울시 9급 한국사 「A」 > 기출문제 | 공무원 기출문제은행
2019년(2회) 서울시 7급 한국사 「B」 > 기출문제 | 공무원 기출문제은행
2019년(1회) 서울시 7급 한국사 「A」 > 기출문제 | 공무원 기출문제은행
2018년(2회) 서울시 7급 한국사 「A」 > 기출문제 | 공무원 기출문제은행
2018년(1회) 서울시 7급 한국사 「A」 > 기출문제 | 공무원 기출문제은행
2017년 서울시 7급 한국사 「A」 > 기출문제 | 공무원 기출문제은행
2016년 서울시 7급 한국사 「A」 > 기출문제 | 공무원 기출문제은행
2015년 서울시 7급 한국사 「A」 > 기출문제 | 공무원 기출문제은행
2014년 서울시 7급 한국사 「A」 > 기출문제 | 공무원 기출문제은행
2013년 서울시 7급 한국사 「A 」 > 기출문제 | 공무원 기출문제은행
2021년 경찰직(순경2차) 한국사 > 기출문제 | 공무원 기출문제은행
2021년 경찰직(순경1차) 한국사 > 기출문제 | 공무원 기출문제은행
2020년 경찰직(순경2차) 한국사 > 기출문제 | 공무원 기출문제은행
2020년 경찰직(순경1차) 한국사 > 기출문제 | 공무원 기출문제은행
2019년 경찰직(순경2차) 한국사 > 기출문제 | 공무원 기출문제은행
2019년 경찰직(순경1차) 한국사 > 기출문제 | 공무원 기출문제은행
2018년 경찰직(순경3차) 한국사 > 기출문제 | 공무원 기출문제은행
2018년 경찰직(순경2차) 한국사 > 기출문제 | 공무원 기출문제은행
2018년 경찰직(순경1차) 한국사 > 기출문제 | 공무원 기출문제은행
2017년 경찰직(순경1차) 한국사 > 기출문제 | 공무원 기출문제은행
2016년 경찰직(순경2차) 한국사 > 기출문제 | 공무원 기출문제은행
2016년 경찰직(순경1차) 한국사 > 기출문제 | 공무원 기출문제은행
2015년 경찰직(순경3차) 한국사 > 기출문제 | 공무원 기출문제은행
2015년 경찰직(순경2차) 한국사 > 기출문제 | 공무원 기출문제은행
2015년 경찰직(순경1차) 한국사 > 기출문제 | 공무원 기출문제은행
2014년 경찰직(순경2차) 한국사 > 기출문제 | 공무원 기출문제은행
2014년 경찰직(순경1차) 한국사 > 기출문제 | 공무원 기출문제은행
2013년 경찰직(순경2차) 한국사 > 기출문제 | 공무원 기출문제은행
2013년 경찰직(순경1차) 한국사 > 기출문제 | 공무원 기출문제은행
2012년 경찰직(순경3차) 한국사 > 기출문제 | 공무원 기출문제은행
2012년 경찰직(순경2차) 한국사 > 기출문제 | 공무원 기출문제은행
2012년 경찰직(순경1차) 한국사 > 기출문제 | 공무원 기출문제은행
2022년 경찰간부직 한국사 > 기출문제 | 공무원 기출문제은행
2021년 경찰간부직 한국사 > 기출문제 | 공무원 기출문제은행
2020년 경찰간부직 한국사 > 기출문제 | 공무원 기출문제은행
2019년 경찰간부직 한국사 > 기출문제 | 공무원 기출문제은행
2018년 경찰간부직 한국사 > 기출문제 | 공무원 기출문제은행
2017년 경찰간부직 한국사 > 기출문제 | 공무원 기출문제은행
2016년 경찰간부직 한국사 > 기출문제 | 공무원 기출문제은행
2015년 경찰간부직 한국사 > 기출문제 | 공무원 기출문제은행
2014년 경찰간부직 한국사 > 기출문제 | 공무원 기출문제은행
2013년 경찰간부직 한국사 > 기출문제 | 공무원 기출문제은행
2012년 경찰간부직 한국사 > 기출문제 | 공무원 기출문제은행
2022년 법원직 9급 한국사 「①」 > 기출문제 | 공무원 기출문제은행
2021년 법원직 9급 한국사 「①」 > 기출문제 | 공무원 기출문제은행
2020년 법원직 9급 한국사 「①」 > 기출문제 | 공무원 기출문제은행
2019년 법원직 9급 한국사 「①」 > 기출문제 | 공무원 기출문제은행
2018년 법원직 9급 한국사 「①」 > 기출문제 | 공무원 기출문제은행
2017년 법원직 9급 한국사 「①」 > 기출문제 | 공무원 기출문제은행
2016년 법원직 9급 한국사 「①」 > 기출문제 | 공무원 기출문제은행
2015년 법원직 9급 한국사 「①」 > 기출문제 | 공무원 기출문제은행
2014년 법원직 9급 한국사 「①」 > 기출문제 | 공무원 기출문제은행
2013년 법원직 9급 한국사 「①」 > 기출문제 | 공무원 기출문제은행
2012년 법원직 9급 한국사 「①」 > 기출문제 | 공무원 기출문제은행
2011년 법원직 9급 한국사 「①」 > 기출문제 | 공무원 기출문제은행
2010년 법원직 9급 한국사 「①」 > 기출문제 | 공무원 기출문제은행
2009년 법원직 9급 한국사 「①」 > 기출문제 | 공무원 기출문제은행
2008년 법원직 9급 한국사 「①」 > 기출문제 | 공무원 기출문제은행
2007년 법원직 9급 한국사 「①」 > 기출문제 | 공무원 기출문제은행
2022년 국회직 9급 한국사 > 기출문제 | 공무원 기출문제은행
2021년 국회직 9급 한국사 「가」 > 기출문제 | 공무원 기출문제은행
2020년 국회직 9급 한국사 「가」 > 기출문제 | 공무원 기출문제은행
2019년 국회직 9급 한국사 「가」 > 기출문제 | 공무원 기출문제은행
2018년 국회직 9급 한국사 「가」 > 기출문제 | 공무원 기출문제은행
2017년 국회직 9급 한국사 「가」 > 기출문제 | 공무원 기출문제은행
2016년 국회직 9급 한국사 「가」 > 기출문제 | 공무원 기출문제은행
2015년 국회직 9급 한국사 「가」 > 기출문제 | 공무원 기출문제은행
2014년 국회직 9급 한국사 「가」 > 기출문제 | 공무원 기출문제은행
2023년 국가직 9급 영어 「나」 > 기출문제 | 공무원 기출문제은행
2022년 국가직 9급 영어 「가」 > 기출문제 | 공무원 기출문제은행
2021년 국가직 9급 영어 「나」 > 기출문제 | 공무원 기출문제은행
2020년 국가직 9급 영어 「가」 > 기출문제 | 공무원 기출문제은행
2019년 국가직 9급 영어 「나」 > 기출문제 | 공무원 기출문제은행
2018년 국가직 9급 영어 「가」 > 기출문제 | 공무원 기출문제은행
2017년(하) 국가직 9급 영어 「나」 > 기출문제 | 공무원 기출문제은행
2017년 국가직 9급 영어 「A」 > 기출문제 | 공무원 기출문제은행
2016년 국가직 9급 영어 「②」 > 기출문제 | 공무원 기출문제은행
2015년 국가직 9급 영어 「사」 > 기출문제 | 공무원 기출문제은행
2014년 국가직 9급 영어 「S」 > 기출문제 | 공무원 기출문제은행
2013년 국가직 9급 영어 「인」 > 기출문제 | 공무원 기출문제은행
2012년 국가직 9급 영어 「재」 > 기출문제 | 공무원 기출문제은행
2011년 국가직 9급 영어 「재」 > 기출문제 | 공무원 기출문제은행
2010년 국가직 9급 영어 「고」 > 기출문제 | 공무원 기출문제은행
2009년 국가직 9급영어 「성」 > 기출문제 | 공무원 기출문제은행
2008년 국가직 9급 영어 「행」 > 기출문제 | 공무원 기출문제은행
2007년 국가직 9급 영어 「시」 > 기출문제 | 공무원 기출문제은행
2016년 국가직 7급 영어 「②」 > 기출문제 | 공무원 기출문제은행
2015년 국가직 7급 영어 「③」 > 기출문제 | 공무원 기출문제은행
2014년 국가직 7급 영어 「A」 > 기출문제 | 공무원 기출문제은행
2013년 국가직 7급 영어 「인」 > 기출문제 | 공무원 기출문제은행
2012년 국가직 7급 영어 「인」 > 기출문제 | 공무원 기출문제은행
2011년 국가직 7급 영어 「인」 > 기출문제 | 공무원 기출문제은행
2010년 국가직 7급 영어 「고」 > 기출문제 | 공무원 기출문제은행
2009년 국가직 7급 영어 「봉」 > 기출문제 | 공무원 기출문제은행
2008년 국가직 7급 영어 「섬」 > 기출문제 | 공무원 기출문제은행
2023년 지방직 9급 영어 「B」 > 기출문제 | 공무원 기출문제은행
2022년 지방직 9급 영어 「A」 > 기출문제 | 공무원 기출문제은행
2021년 지방직 9급 영어 「A」 > 기출문제 | 공무원 기출문제은행
2020년 지방직 9급 영어 「D」 > 기출문제 | 공무원 기출문제은행
2019년 지방직 9급 영어 「A」 > 기출문제 | 공무원 기출문제은행
2018년 지방직 9급 영어 「B」 > 기출문제 | 공무원 기출문제은행
2017년(하) 지방직 9급 영어 「C」 > 기출문제 | 공무원 기출문제은행
2017년 지방직 9급 영어 「B」 > 기출문제 | 공무원 기출문제은행
2016년 지방직 9급 영어 「A」 > 기출문제 | 공무원 기출문제은행
2015년 지방직 9급 영어 「A」 > 기출문제 | 공무원 기출문제은행
2014년 지방직 9급 영어 「A」 > 기출문제 | 공무원 기출문제은행
2013년 지방직 9급 영어 「C 」 > 기출문제 | 공무원 기출문제은행
2012년 지방직 9급 영어 「C」 > 기출문제 | 공무원 기출문제은행
2011년 지방직 9급 영어 「A」 > 기출문제 | 공무원 기출문제은행
2010년 지방직 9급 영어 「A」 > 기출문제 | 공무원 기출문제은행
2009년 지방직 9급 영어 「A」 > 기출문제 | 공무원 기출문제은행
2008년 지방직 9급 영어 「A」 > 기출문제 | 공무원 기출문제은행
2017년 지방직 7급 영어 「B」 > 기출문제 | 공무원 기출문제은행
2015년 지방직 7급 영어 「B」 > 기출문제 | 공무원 기출문제은행
2014년 지방직 7급 영어 「B」 > 기출문제 | 공무원 기출문제은행
2013년 지방직 7급 영어 「D」 > 기출문제 | 공무원 기출문제은행
2012년 지방직 7급 영어 「B」 > 기출문제 | 공무원 기출문제은행
2011년 지방직 7급 영어 「D」 > 기출문제 | 공무원 기출문제은행
2010년 지방직 7급 영어 「D」 > 기출문제 | 공무원 기출문제은행
2009년 지방직 7급 영어 「B」 > 기출문제 | 공무원 기출문제은행
2008년 지방직 7급 영어 「A」 > 기출문제 | 공무원 기출문제은행
2018년(2회) 서울시 9급 영어 「A」 > 기출문제 | 공무원 기출문제은행
2018년(1회) 서울시 9급 영어 「A」 > 기출문제 | 공무원 기출문제은행
2017년 서울시 9급 영어 「A」 > 기출문제 | 공무원 기출문제은행
2016년 서울시 9급 영어 「A」 > 기출문제 | 공무원 기출문제은행
2015년 서울시 9급 영어 「A」 > 기출문제 | 공무원 기출문제은행
2014년 서울시 9급 영어 「A」 > 기출문제 | 공무원 기출문제은행
2013년 서울시 9급 영어 「B」 > 기출문제 | 공무원 기출문제은행
2018년(2회) 서울시 7급 영어 「A」 > 기출문제 | 공무원 기출문제은행
2018년(1회) 서울시 7급 영어 「B」 > 기출문제 | 공무원 기출문제은행
2017년 서울시 7급 영어 「A」 > 기출문제 | 공무원 기출문제은행
2016년 서울시 7급 영어 「A」 > 기출문제 | 공무원 기출문제은행
2015년 서울시 7급 영어 「A」 > 기출문제 | 공무원 기출문제은행
2014년 서울시 7급 영어 「A」 > 기출문제 | 공무원 기출문제은행
2013년 서울시 7급 영어 「A」 > 기출문제 | 공무원 기출문제은행
2018년 경찰직(순경1차) 영어 > 기출문제 | 공무원 기출문제은행
2017년 경찰직(순경1차) 영어 > 기출문제 | 공무원 기출문제은행
2016년 경찰직(순경2차) 영어 > 기출문제 | 공무원 기출문제은행
2016년 경찰직(순경1차) 영어 > 기출문제 | 공무원 기출문제은행
2015년 경찰직(순경3차) 영어 > 기출문제 | 공무원 기출문제은행
2015년 경찰직(순경2차) 영어 > 기출문제 | 공무원 기출문제은행
2015년 경찰직(순경1차) 영어 > 기출문제 | 공무원 기출문제은행
2014년 경찰직(순경 2차) 영어 > 기출문제 | 공무원 기출문제은행
2014년 경찰직(순경 1차) 영어 > 기출문제 | 공무원 기출문제은행
2013년 경찰직(순경 1차) 영어 > 기출문제 | 공무원 기출문제은행
2013년 경찰직(순경 2차) 영어 > 기출문제 | 공무원 기출문제은행
2012년 경찰직(순경 3차) 영어 > 기출문제 | 공무원 기출문제은행
2012년 경찰직(순경 2차) 영어 > 기출문제 | 공무원 기출문제은행
2012년 경찰직(순경 1차) 영어 > 기출문제 | 공무원 기출문제은행
2018년 법원직 9급 영어 「①」 > 기출문제 | 공무원 기출문제은행
2017년 법원직 9급 영어 「①」 > 기출문제 | 공무원 기출문제은행
2016년 법원직 9급 영어 「①」 > 기출문제 | 공무원 기출문제은행
2015년 법원직 9급 영어 「①」 > 기출문제 | 공무원 기출문제은행
2014년 법원직 9급 영어 「①」 > 기출문제 | 공무원 기출문제은행
2013년 법원직 9급 영어 「①」 > 기출문제 | 공무원 기출문제은행
2012년 법원직 9급 영어 「①」 > 기출문제 | 공무원 기출문제은행
2011년 법원직 9급 영어 「①」 > 기출문제 | 공무원 기출문제은행
2010년 법원직 9급 영어 「①」 > 기출문제 | 공무원 기출문제은행
2009년 법원직 9급 영어 「①」 > 기출문제 | 공무원 기출문제은행
2008년 법원직 9급 영어 「①」 > 기출문제 | 공무원 기출문제은행
2015년 국회직 9급 영어 「가」 > 기출문제 | 공무원 기출문제은행
2014년 국회직 9급 영어 「가」 > 기출문제 | 공무원 기출문제은행
2013년 국회직 9급 영어 「가」 > 기출문제 | 공무원 기출문제은행
2012년 국회직 9급 영어 「가」 > 기출문제 | 공무원 기출문제은행
2011년 국회직 9급 영어 「가」 > 기출문제 | 공무원 기출문제은행
2010년 국회직 9급 영어 「가」 > 기출문제 | 공무원 기출문제은행
2017년 국회직 8급 영어 「가」 > 기출문제 | 공무원 기출문제은행
2016년 국회직 8급 영어 「가」 > 기출문제 | 공무원 기출문제은행
2015년 국회직 8급 영어 「가」 > 기출문제 | 공무원 기출문제은행
2014년 국회직 8급 영어 「가」 > 기출문제 | 공무원 기출문제은행
2013년 국회직 8급 영어 「가」 > 기출문제 | 공무원 기출문제은행
2012년 국회직 8급 영어 「가」 > 기출문제 | 공무원 기출문제은행
2011년 국회직 8급 영어 「가」 > 기출문제 | 공무원 기출문제은행
2010년 국회직 8급 영어 「가」 > 기출문제 | 공무원 기출문제은행
2009년 국회직 8급 영어 「가」 > 기출문제 | 공무원 기출문제은행
2008년 국회직 8급 영어 「가」 > 기출문제 | 공무원 기출문제은행
2007년 국회직 8급 영어 「가」 > 기출문제 | 공무원 기출문제은행
